{"frames": {

"idle1.png":
{
	"frame": {"x":0,"y":0,"w":43,"h":82},
	"rotated": false,
	"trimmed": false,
	"spriteSourceSize": {"x":0,"y":0,"w":43,"h":82},
	"sourceSize": {"w":43,"h":82}
},
"idle2.png":
{
	"frame": {"x":43,"y":0,"w":43,"h":82},
	"rotated": false,
	"trimmed": false,
	"spriteSourceSize": {"x":0,"y":0,"w":43,"h":82},
	"sourceSize": {"w":43,"h":82}
},
"idle3.png":
{
	"frame": {"x":86,"y":0,"w":42,"h":82},
	"rotated": false,
	"trimmed": false,
	"spriteSourceSize": {"x":0,"y":0,"w":42,"h":82},
	"sourceSize": {"w":42,"h":82}
},
"idle4.png":
{
	"frame": {"x":128,"y":0,"w":43,"h":82},
	"rotated": false,
	"trimmed": false,
	"spriteSourceSize": {"x":0,"y":0,"w":43,"h":82},
	"sourceSize": {"w":43,"h":82}
}},
"meta": {
	"app": "https://www.codeandweb.com/texturepacker",
	"version": "1.0",
	"image": "ryu.png",
	"format": "RGBA8888",
	"size": {"w":171,"h":82},
	"scale": "1",
	"smartupdate": "$TexturePacker:SmartUpdate:bbdc9ea91d8c9dcb7030a6913672c0b2:d9d08bda0b6d5b995c5992585e900dad:bc3f79fd5054d91d5af798abf49b1d4f$"
}
}
